Energy_Type,Country,2010,2011,2012,2013,2014,2015,2016,2017,2018,2019,2020
total,World,20475.10516,21151.08653,21651.00057,22368.13548,22775.29875,23230.64462,23901.24368,24534.80561,25360.37462,25743.66282,25608.19708
total,Algeria,42.9985,48.17578,53.9846,56.3135,60.40082,64.68244,66.75504,71.49546,72.10903,76.685,72.78991277
total,Argentina,119.38857,122.62029,128.54358,132.15903,131.37253,137.521162,139.048123,137.897716,139.0950962,132.4658624,138.0198813
total,Australia,233.590043,240.803257,233.296073,229.875825,241.555085,230.763461,245.875588,249.738386,250.2300914,249.5945858,250.6580269
total,Austria,63.937654,58.36573,64.742413,60.802337,57.646226,58.069497,61.732328,63.467831,61.2203869,68.8020788,68.100601
total,Azerbaijan,17.76022,19.20992,21.69998,22.03526,23.32006,23.30046,23.56728,22.96136,23.82038,24.60663,24.37044
total,Bahrain,22.39656,22.88022,23.2903,24.36284,25.62707,26.78421,26.80865,27.48075,27.78249,31.44425,29.85563729
total,Bangladesh,38.493931,41.663816,45.735069,50.041294,52.597271,55.602462,64.842877,68.925837,73.971217,79.600877,75.47871973
total,Belarus,32.80964,30.27688,28.96224,29.63346,32.66718,32.0557,31.5763,32.48726,36.69196,37.7155,36.0619
total,Belgium,91.002351,86.160664,79.344337,79.555951,69.439713,66.981488,82.064225,82.78165,71.8155043,89.9314609,85.701887
total,Bosnia and Herzegovina,16.49812,14.58342,13.44898,16.7671,15.4885,14.96932,16.98653,15.38966,18.20808,16.65445,15.69052
total,Brazil,506.74832,523.1198,542.89456,559.37072,577.73988,566.893284,566.068396,575.480727,588.1115067,601.4435827,603.1553
total,Bulgaria,43.10972,46.73622,43.6821,40.46522,44.3275,44.079049,40.217008,40.431095,41.4243836,38.9149512,35.7841652
total,Canada,581.707868,611.421342,612.174504,637.650107,635.978212,638.850534,644.788913,644.58814,635.7934577,627.8128689,623.9858667
total,Chile,58.340829,63.447266,66.227114,69.937151,69.279874,72.361957,76.727142,77.254402,80.094819,81.2601503,80.8660861
total,China,3986.89162,4465.47856,4740.27258,5171.54802,5400.11356,5584.765637,5904.640151,6403.288784,6800.723877,7151.198599,7462.987888
total,Colombia,56.61698,58.91978,60.15212,72.14038,69.110203,76.20638,74.549256,77.467679,79.1815216,78.1495599,75.7309512
total,Croatia,14.32912,10.7817,10.15614,13.53468,13.08606,10.742444,12.052593,11.293476,13.125812,12.2922931,12.8324588
total,Cuba,16.38762,16.72778,17.36236,18.04058,18.24972,19.11878,19.27812,19.37068,19.63126,19.52646,18.51044841
total,Czech Republic,77.694447,79.244128,79.668827,78.990421,78.254983,75.785457,75.324978,78.886881,79.9821752,79.1107549,73.9507328
total,Denmark,37.913516,34.616036,30.258867,34.152282,31.85753,28.974012,30.197344,30.919752,30.4186372,29.8828185,28.9196916
total,Dominican Republic,13.98806,14.9304,15.79862,16.73036,16.28528,16.91708,17.674,18.04546,18.61596,18.90698,17.12284644
total,Ecuador,18.785,19.88524,22.10634,22.4391,23.45076,25.06906,26.48982,27.39144,28.54474,32.47643,32.13185
total,Egypt,139.05724,136.46734,142.00562,145.5473,151.9883,163.58664,167.65298,174.994584,177.831464,182.98812,157.97
total,Estonia,11.804113,11.743832,10.652741,11.959914,11.180938,9.301154,10.641563,11.501345,11.1889412,6.8665502,5.8752408
total,Finland,77.72505,70.963659,68.234809,69.05982,66.168692,66.888647,67.011713,65.811381,68.5524094,67.0671163,67.5709779
total,France,540.047655,543.751119,543.805111,553.20571,543.156671,550.962779,536.569261,533.683003,553.5441219,544.3273038,506.4986227
total,Germany,594.84304,577.776356,593.207791,603.262317,594.088504,613.292696,617.960534,621.812878,611.3968446,578.1760987,545.5231373
total,Greece,53.498057,53.668572,53.470754,52.614029,46.636551,47.867296,50.431187,50.513953,50.3658786,45.7982992,43.0839083
total,Hong Kong,36.03736,36.73332,36.47282,36.75922,37.46182,35.72456,35.95976,34.79892,34.37,34.712,33.1059
total,Hungary,34.960717,33.810596,32.587303,28.305384,27.491954,28.505948,29.96966,31.08448,30.29405,32.5659378,33.3204209
total,Iceland,16.746003,16.850998,17.295999,17.999998,17.803,18.558001,18.171608,18.846295,19.4324979,19.119793,18.778694
total,India,916.49978,1006.52332,1053.69318,1154.16991,1258.036,1338.609314,1411.657643,1414.131878,1522.511627,1536.611495,1506.447594
total,Indonesia,161.00948,173.6087,189.24972,204.48236,215.62246,221.30388,234.72734,241.32552,269.49438,280.13907,272.9434
total,Iran,219.4684,226.0563,239.24788,247.06113,258.3698,264.97242,272.2875,289.58572,291.55121,317.75639,304.3216
total,Iraq,46.21088,50.83864,43.47644,55.2001,63.90578,64.75148,75.45346,82.2889,77.64996,90.81454,85.6989437
total,Ireland,27.165581,26.372895,26.202849,24.618802,24.904899,27.189981,29.259077,29.879721,30.1883625,30.1220272,31.2904099
total,Israel,55.05566,56.04112,59.25186,57.66794,57.25548,60.54628,63.19532,63.61994,64.97052,67.9665,68.61012
total,Italy,288.894063,291.814684,288.177111,279.589768,270.360149,273.994218,280.712334,286.290453,280.970202,264.3555922,273.0329509
total,Japan,1079.223897,1044.066672,1043.550711,1027.427071,1027.238336,1003.029903,1002.320654,1005.871632,1007.74534,986.6690624,942.2344357
total,Jordan,13.89376,13.77114,15.60344,16.22806,17.17288,17.87826,18.53282,19.57196,19.28161,19.4744,18.877
total,Kazakhstan,78.08956,81.78582,87.63038,97.28906,90.01084,86.69606,89.61802,97.5959,101.71827,102.30696,97.83743687
total,Kuwait,53.65708,54.03966,57.45186,57.32552,61.23402,64.19326,65.84508,68.39668,69.6368,70.50336,66.94220184
total,Kyrgyzstan,11.92948,14.95586,14.96666,13.85516,14.36256,12.8032,13.04092,15.29334,15.3094,14.84014,16.174
total,Lebanon,14.81732,15.36894,15.53516,17.7506,16.89652,17.55142,18.26502,19.99571,20.01168,20.03462,19.37706559
total,Libya,30.60488,24.43942,32.21892,35.6387,35.46762,35.26082,29.53528,31.28556,32.12122,31.69634,30.09492439
total,Malaysia,117.69276,121.98654,126.82294,131.85368,139.49682,143.4575,148.65974,156.17146,159.946,162.836,145.1926513
total,Mexico,264.416771,280.24882,284.747529,287.276501,290.184395,297.866957,303.03609,309.142926,332.0100742,318.0778573,325.5056802
total,Morocco,22.4094,23.59962,25.76244,25.28736,26.104914,27.965934,28.36235,29.354763,31.668443,37.077883,35.36462039
total,Mozambique,16.55286,16.7288,15.07384,14.78246,17.5716,19.67988,18.53324,16.7942,16.83459,17.9871,17.80412088
total,Netherlands,116.502576,111.041441,101.080639,99.284698,100.436711,107.602149,111.549436,113.716349,112.2703969,119.0127664,120.0576141
total,New Zealand,43.6305019,43.31948076,43.18773659,42.40589278,42.70260463,43.38537063,42.97402029,43.36100044,43.47387883,43.86866993,43.24423618
total,Nigeria,24.88918,25.72294,27.30418,27.45958,30.6119,30.80797,32.00801,32.79439,30.56746,29.32448,28.15430793
total,North Korea,21.03556,18.73584,18.76124,17.93248,17.49186,13.42418,16.56384,14.61704,15.14714,16.07632,14.50456662
total,Norway,122.150138,125.262082,145.660999,132.633003,140.242,142.176,147.491,147.570003,145.1080429,131.9557672,153.9079342
total,Oman,18.62986,20.56156,23.51598,24.6666,27.38132,30.79652,32.17832,33.96244,35.45516,36.03702,34.21603977
total,Pakistan,89.67982,89.74952,92.9071,99.205335,101.600472,106.610008,116.907922,113.71476,117.94652,120.39552,117.082
total,Paraguay,53.52494,57.04994,59.63282,59.77682,54.72864,55.18694,63.13294,59.08888,58.62077,48.93659,49.34192
total,Peru,34.77961,37.98945,38.68184,42.08366,44.1972,46.64552,49.85034,51.1155,53.35406,55.46937,52.41496392
total,Philippines,64.6688,66.11914,69.68834,71.84422,73.72588,78.635,86.58692,90.00214,95.0856,100.92099,97.46
total,Poland,143.35879,149.03546,143.015423,148.036692,142.273714,148.742268,151.980086,154.781107,155.1287839,149.1705333,144.4291258
total,Portugal,52.695559,50.826621,44.313047,49.395816,50.836783,49.92555,57.785044,55.886278,57.0183177,50.6305724,50.7589174
total,Puerto Rico,20.8958,20.0178,21.203,20.364,20.247,20.270061,20.887866,16.684,17.463629,17.70314,17.59771
total,Qatar,26.45536,28.8872,32.70078,32.591671,36.376986,39.015566,39.776944,42.830064,45.046584,46.888984,44.51980478
total,Romania,57.67424,58.81578,55.72708,55.75262,62.36612,60.795554,59.783488,58.978383,59.6587406,54.857559,51.6451741
total,Russia,980.89724,996.81741,1012.29248,1001.77926,1005.6033,1008.21294,1031.17206,1034.29882,1044.77322,1060.40342,1026.65506
total,Saudi Arabia,225.66298,235.07238,271.39072,284.03086,316.27304,337.49406,345.59216,355.61422,363.67566,362.4365,344.2093776
total,Serbia,35.40308,35.89158,34.22026,37.03082,31.70828,34.541154,35.589205,33.36169,33.7131023,33.5809988,34.3450182
total,Singapore,42.71008,43.32876,44.1975,45.17518,46.50626,47.48816,48.67166,49.34716,50.05544,51.31338,50.31612
total,Slovakia,24.968488,25.698182,25.925069,26.754,24.881528,24.601915,24.93742,25.545711,24.6964712,26.2784132,26.5198628
total,Slovenia,15.195545,14.845656,14.491595,14.763556,16.163572,13.846635,15.209111,15.06594,15.2205146,14.9967828,15.9986798
total,South Africa,241.98442,243.45328,239.86204,237.48478,235.48395,230.41804,234.01529,235.72838,234.69256,231.50374,218.232991
total,South Korea,476.817983,499.338217,510.092341,516.488363,523.941305,524.605435,536.246536,541.236567,562.8485364,555.5580353,553.8690845
total,Spain,287.233892,280.935997,282.383489,270.515861,264.252559,266.140544,260.499786,262.331536,261.8953206,261.8728532,251.1610323
total,Sri Lanka,10.44116,11.19624,11.35974,11.66456,11.96044,12.71448,13.66462,14.71634,14.84471,15.32842,15.19995626
total,Sweden,145.739156,147.241058,163.049952,149.524071,150.216634,159.282993,152.817652,160.971364,160.0995413,165.646854,158.8517017
total,Switzerland,61.332369,58.472671,63.466307,64.089035,65.260366,61.478906,56.645644,55.402721,61.1032427,65.2865348,66.0905137
total,Syria,43.79074,39.54538,33.16854,23.81366,20.10002,16.95686,17.18962,17.37752,17.14486,17.10508,15.80548854
total,Taiwan,243.454265,248.6656866,247.1422765,248.7627084,256.2941788,254.4164315,260.3160246,266.0783163,271.3898998,270.203504,276.0353654
total,Tajikistan,16.2689,16.07372,16.80056,16.94136,15.9904,16.98228,17.03,17.88414,19.47718,20.39389,18.62
total,Thailand,150.43362,147.30378,157.38312,160.7124,162.7324,166.69556,177.71873,172.3901,172.87589,181.19062,176.69888
total,Tunisia,14.95458,15.33848,16.79478,17.0737,17.8685,18.35076,18.48988,19.17152,19.52373,20.53718,19.53991591
total,Turkey,216.027077,220.695353,224.949966,255.913853,219.423391,254.947454,287.388687,280.4982494,255.4571314,296.9360804,324.8134043
total,Turkmenistan,15.6634,16.1898,16.688,17.7408,19.179,21.18496,21.18496,21.18496,21.185,21.1823,20.11153732
total,Ukraine,178.2679,183.83,187.01248,182.33184,171.33786,152.3494,153.55246,145.66606,150.20788,143.83374,138.97782
total,United Arab Emirates,88.332,93.22278,99.866,103.4311,109.572,119.755,121.846,126.529,127.92048,129.409,124.8408891
total,United Kingdom,363.598119,350.050286,344.691533,339.34853,321.330497,328.136974,326.0448092,324.556063,320.1469013,313.5442484,303.4642607
total,United States,4127.598158,4104.174499,4054.26169,4074.145289,4104.838664,4091.740206,4095.487355,4058.260842,4207.816619,4162.812661,4048.657847
total,Uruguay,11.02834,10.37448,10.60976,11.47076,12.85784,13.5876,13.77842,14.26338,14.53316,15.80266,12.89493127
total,Uzbekistan,49.26602,49.92094,50.1503,51.627216,52.722766,54.551956,56.004223,58.06589,59.424857,60.151687,57.84066723
total,Venezuela,110.7799,115.06854,118.5113,120.0401,100.35006,119.19768,104.67136,100.59835,96.6819,105.40402,103.7218021
total,Vietnam,90.59912,99.8877,113.18982,115.95432,133.0722,156.35746,175.15412,192.34652,210.61659,214.07644,206.3482608
total,Zambia,10.409304,11.447532,12.31092,13.231964,14.358504,13.359864,11.620963,14.312033,15.981004,15.999165,15.982285
nuclear,World,2629.103874,2518.097463,2347.094711,2364.296125,2419.59673,2448.167422,2488.986259,2514.502858,2568.446612,2673.400858,2591.356399
nuclear,Algeria,0,0,0,0,0,0,0,0,0,0,0
nuclear,Argentina,6.691,5.894,5.903,5.7316,5.258,6.644077,7.820169,5.770611,6.514307,7.9694683,10.0644147
nuclear,Australia,0,0,0,0,0,0,0,0,0,0,0
nuclear,Austria,0,0,0,0,0,0,0,0,0,0,0
nuclear,Azerbaijan,0,0,0,0,0,0,0,0,0,0,0
nuclear,Bahrain,0,0,0,0,0,0,0,0,0,0,0
nuclear,Bangladesh,0,0,0,0,0,0,0,0,0,0,0
nuclear,Belarus,0,0,0,0,0,0,0,0,0,0,0.338
nuclear,Belgium,45.728,45.942,38.464,40.63195,32.094,24.825,41.43045,40.128501,27.1262999,41.3056,32.6058
nuclear,Bosnia and Herzegovina,0,0,0,0,0,0,0,0,0,0,0
nuclear,Brazil,13.774,14.795,15.17,14.645,14.463,13.907351,14.973952,14.856152,14.794505,15.1610946,13.2094422
nuclear,Bulgaria,14.236,15.264,14.861,13.316,15.014,14.528,14.932001,14.718367,15.291204,15.7124461,15.7872682
nuclear,Canada,85.527,88.290999,89.491998,97.583999,101.207999,96.046001,95.687,95.565001,95.0300001,95.4690001,92.6516066
nuclear,Chile,0,0,0,0,0,0,0,0,0,0,0
nuclear,China,73.88,86.35,97.39,111.61,132.54,170.79,213.29,248.07,294.36,348.35,366.25
nuclear,Colombia,0,0,0,0,0,0,0,0,0,0,0
nuclear,Croatia,0,0,0,0,0,0,0,0,0,0,0
nuclear,Cuba,0,0,0,0,0,0,0,0,0,0,0
nuclear,Czech Republic,26.346003,26.602002,28.603,29.001,28.633,25.335001,22.726999,26.7856,28.2525389,28.5793509,28.369685
nuclear,Denmark,0,0,0,0,0,0,0,0,0,0,0
nuclear,Dominican Republic,0,0,0,0,0,0,0,0,0,0,0
nuclear,Ecuador,0,0,0,0,0,0,0,0,0,0,0
nuclear,Egypt,0,0,0,0,0,0,0,0,0,0,0
nuclear,Estonia,0,0,0,0,0,0,0,0,0,0,0
nuclear,Finland,21.889,22.266,22.063,22.673001,22.646,22.325999,22.280001,21.573999,21.881,22.9149999,22.3540001
nuclear,France,407.878001,421.077532,404.880016,403.694687,415.861772,416.794816,384.008124,379.093955,393.1343271,379.4640001,335.4142381
nuclear,Germany,132.971002,102.241,94.18,92.127,91.799999,86.765,80.038,72.155,71.8659999,70.9920001,60.9139999
nuclear,Greece,0,0,0,0,0,0,0,0,0,0,0
nuclear,Hong Kong,0,0,0,0,0,0,0,0,0,0,0
nuclear,Hungary,14.799001,14.711001,14.818,14.438999,14.778,14.955999,15.162,15.215,14.855,15.402,15.172
nuclear,Iceland,0,0,0,0,0,0,0,0,0,0,0
nuclear,India,20.483,28.948,29.665,30.29291,33.232,34.644,35.7602052,35.3264441,36.7076678,42.4494011,42.0632123
nuclear,Indonesia,0,0,0,0,0,0,0,0,0,0,0
nuclear,Iran,0,0.09798,1.328,3.89367,3.724,3.198,5.924,6.366,6.3,5.866,5.792
nuclear,Iraq,0,0,0,0,0,0,0,0,0,0,0
nuclear,Ireland,0,0,0,0,0,0,0,0,0,0,0
nuclear,Israel,0,0,0,0,0,0,0,0,0,0,0
nuclear,Italy,0,0,0,0,0,0,0,0,0,0,0
nuclear,Japan,278.364595,153.375423,15.121278,10.432836,0,3.240625,14.869062,27.751517,47.8232617,63.8787884,41.8631392
nuclear,Jordan,0,0,0,0,0,0,0,0,0,0,0
nuclear,Kazakhstan,0,0,0,0,0,0,0,0,0,0,0
nuclear,Kuwait,0,0,0,0,0,0,0,0,0,0,0
nuclear,Kyrgyzstan,0,0,0,0,0,0,0,0,0,0,0
nuclear,Lebanon,0,0,0,0,0,0,0,0,0,0,0
nuclear,Libya,0,0,0,0,0,0,0,0,0,0,0
nuclear,Malaysia,0,0,0,0,0,0,0,0,0,0,0
nuclear,Mexico,5.661,9.662999,8.409,11.377001,9.303,11.177001,10.271999,10.572003,13.317,10.8810001,10.8663478
nuclear,Morocco,0,0,0,0,0,0,0,0,0,0,0
nuclear,Mozambique,0,0,0,0,0,0,0,0,0,0,0
nuclear,Netherlands,3.752,3.915001,3.741,2.737,3.873,3.857,3.749905,3.277664,3.3954959,3.700299,3.864924
nuclear,New Zealand,0,0,0,0,0,0,0,0,0,0,0
nuclear,Nigeria,0,0,0,0,0,0,0,0,0,0,0
nuclear,North Korea,0,0,0,0,0,0,0,0,0,0,0
nuclear,Norway,0,0,0,0,0,0,0,0,0,0,0
nuclear,Oman,0,0,0,0,0,0,0,0,0,0,0
nuclear,Pakistan,2.56,3.843,5.271,4.39656,4.578,4.333,5.439,8.109,9.29,9.066,9.64
nuclear,Paraguay,0,0,0,0,0,0,0,0,0,0,0
nuclear,Peru,0,0,0,0,0,0,0,0,0,0,0
nuclear,Philippines,0,0,0,0,0,0,0,0,0,0,0
nuclear,Poland,0,0,0,0,0,0,0,0,0,0,0
nuclear,Portugal,0,0,0,0,0,0,0,0,0,0,0
nuclear,Puerto Rico,0,0,0,0,0,0,0,0,0,0,0
nuclear,Qatar,0,0,0,0,0,0,0,0,0,0,0
nuclear,Romania,10.705,10.811,10.564,10.69576,10.754,10.698,10.365999,10.557904,10.4416592,10.3454399,10.5567029
nuclear,Russia,159.41134,162.01813,166.29344,161.37962,169.065,182.807,184.054,190.115,181.765,195.535,215.745
nuclear,Saudi Arabia,0,0,0,0,0,0,0,0,0,0,0
nuclear,Serbia,0,0,0,0,0,0,0,0,0,0,0
nuclear,Singapore,0,0,0,0,0,0,0,0,0,0,0
nuclear,Slovakia,12.784002,14.340001,14.411,14.623999,14.42,14.080999,13.731998,14.016001,13.784,14.168,14.2810001
nuclear,Slovenia,5.381,5.902,5.243998,5.036,6.061,5.371999,5.430999,5.967826,5.4899082,5.5329814,6.0408459
nuclear,South Africa,12.89994,12.93854,12.398,13.6147,14.763,10.965,15.209,15.087,10.564,13.603,11.616
nuclear,South Korea,141.894001,147.763,143.548,132.465,149.165001,157.161,154.195001,141.278286,127.0778981,138.6792038,152.583936
nuclear,Spain,59.387,55.235998,58.827,54.473001,54.961001,54.755001,56.099999,55.539999,53.2340001,55.8239999,55.7570001
nuclear,Sri Lanka,0,0,0,0,0,0,0,0,0,0,0
nuclear,Sweden,55.625998,58.026,61.393001,63.597,62.185,54.347,60.524,63.008001,65.801,64.3339999,47.2626974
nuclear,Switzerland,25.205,25.56,24.345,24.870999,26.37,22.095,20.235,19.499,24.4139999,25.28,22.9900001
nuclear,Syria,0,0,0,0,0,0,0,0,0,0,0
nuclear,Taiwan,41.6286891,42.1164908,40.4217298,41.63936,42.388975,36.4711206,31.6613626,22.4455308,27.6783122,32.323432,31.44024503
nuclear,Tajikistan,0,0,0,0,0,0,0,0,0,0,0
nuclear,Thailand,0,0,0,0,0,0,0,0,0,0,0
nuclear,Tunisia,0,0,0,0,0,0,0,0,0,0,0
nuclear,Turkey,0,0,0,0,0,0,0,0,0,0,0
nuclear,Turkmenistan,0,0,0,0,0,0,0,0,0,0,0
nuclear,Ukraine,83.945,84.894,84.886,78,83.123,82.405,76.078,80.406,80.178,78.144,76.202
nuclear,United Arab Emirates,0,0,0,0,0,0,0,0,0,0,1.562
nuclear,United Kingdom,56.442001,62.654999,63.949001,64.133,57.903001,63.894555,65.149085,63.886861,59.0977499,51.0320901,45.6680299
nuclear,United States,806.9683006,790.204367,769.331249,789.016473,797.165982,797.177877,805.693948,804.949635,807.084477,809.409262,789.878863
nuclear,Uruguay,0,0,0,0,0,0,0,0,0,0,0
nuclear,Uzbekistan,0,0,0,0,0,0,0,0,0,0,0
nuclear,Venezuela,0,0,0,0,0,0,0,0,0,0,0
nuclear,Vietnam,0,0,0,0,0,0,0,0,0,0,0
nuclear,Zambia,0,0,0,0,0,0,0,0,0,0,0
fossil_fuels,World,13681.79163,14254.63033,14615.46913,14978.24051,15094.67803,15291.90201,15543.29868,15781.68124,16145.62294,16098.68209,15648.22572
fossil_fuels,Algeria,42.8264,47.67868,53.3685,55.9864,60.14872,64.46144,66.42322,70.86002,71.3272,75.848,72.01491277
fossil_fuels,Argentina,78.725,84.60376,91.8756,91.73084,92.40012,97.379183,100.338115,98.852402,98.0215904,89.9687632,91.118163
fossil_fuels,Australia,212.014138,213.905512,206.632233,195.695324,205.342418,197.440256,207.429731,209.031696,207.4297315,196.1899926,186.7484347
fossil_fuels,Austria,21.783087,20.272966,16.58325,13.459614,10.85449,13.537678,13.478714,15.633422,14.2644157,15.525684,13.1802657
fossil_fuels,Azerbaijan,14.34722,16.56092,19.89698,20.42526,21.85406,21.48746,21.39628,21.00336,21.78638,22.71228,22.96044
fossil_fuels,Bahrain,22.39456,22.87772,23.2885,24.36104,25.61782,26.77496,26.7994,27.4715,27.77324,31.435,29.84638729
fossil_fuels,Bangladesh,37.65734,40.68414,44.9179,48.96084,51.80152,54.78978,63.591,67.61796,72.5962,78.402,74.43984273
fossil_fuels,Belarus,32.67064,30.12888,28.76024,29.33646,32.38018,31.7297,31.1563,31.70526,35.8892,36.67598,34.5309
fossil_fuels,Belgium,37.871351,31.179663,29.602339,26.575003,24.252712,26.808687,25.406576,25.898049,26.6793044,28.2885609,28.9475459
fossil_fuels,Bosnia and Herzegovina,8.55212,10.23942,9.27498,9.6021,9.6115,9.47332,11.37588,11.67856,11.75846,10.36726,10.81752
fossil_fuels,Brazil,60.04532,49.1338,75.83356,110.29772,134.65688,126.938481,90.863524,99.586348,84.4474396,88.6869093,78.9670078
fossil_fuels,Bulgaria,23.46804,27.96594,23.92488,20.63958,22.23852,21.0816,18.606809,19.895178,18.0237516,16.9335501,13.7215124
fossil_fuels,Canada,130.328866,131.306344,124.399507,123.029109,122.897214,125.703531,123.224915,112.229138,111.6704574,109.0238685,100.3356311
fossil_fuels,Chile,34.120827,37.499264,40.968115,43.93715,39.217874,39.993956,42.926146,42.881195,42.5879262,43.4873463,41.3734488
fossil_fuels,China,3132.66562,3589.97656,3648.24058,3956.67902,3984.91756,4021.548832,4171.52419,4491.498878,4684.047627,4802.383276,4926.036507
fossil_fuels,Colombia,15.57298,9.48178,11.98312,21.26938,20.435682,26.820895,24.570492,15.391195,18.5084512,23.4070763,26.3560402
fossil_fuels,Croatia,5.16812,5.5977,5.01114,4.39168,3.28906,3.371443,3.850593,4.321377,3.4641196,3.9686133,4.3376589
fossil_fuels,Cuba,15.82302,16.15578,16.67936,17.20858,17.47272,18.31778,18.46912,18.58568,18.87426,18.62046,17.67944841
fossil_fuels,Czech Republic,45.642443,45.600125,43.233827,40.982421,40.718983,41.380455,43.54857,42.800626,42.5972292,40.7853319,35.5644289
fossil_fuels,Denmark,24.737518,19.657096,14.692006,17.470741,13.149011,9.284628,11.106563,8.399395,8.9538471,6.0104994,4.8797108
fossil_fuels,Dominican Republic,12.47756,13.3104,13.83962,14.51736,14.62828,15.58708,15.698,15.18946,15.91796,16.84198,15.99084644
fossil_fuels,Ecuador,9.99596,8.5822,9.69234,11.1531,11.61276,11.56106,10.20182,6.93532,7.52752,7.47908,6.75585
fossil_fuels,Egypt,124.12324,121.59934,127.34462,130.4673,136.2953,147.63264,151.91998,159.2172,160.2136,165.43812,140.08
fossil_fuels,Estonia,10.760011,10.564632,9.175441,10.678914,9.715937,7.665154,8.988886,9.558855,9.1041387,4.6600503,3.3329721
fossil_fuels,Finland,31.606312,24.459357,17.568061,20.583367,17.030938,13.837125,14.059476,12.4602,14.1817414,11.9366382,9.2898278
fossil_fuels,France,54.362653,56.350103,53.340846,50.121481,33.406763,41.97521,53.251455,61.412355,46.4796484,50.4751223,45.4579358
fossil_fuels,Germany,351.514038,346.272358,351.07179,353.866316,333.900503,332.890695,342.791533,328.746874,310.7798444,264.1422421,232.8862875
fossil_fuels,Greece,42.887052,45.54126,44.229755,38.20503,34.427551,33.243294,35.340474,36.746489,34.6479673,29.4856253,25.0872158
fossil_fuels,Hong Kong,35.99636,36.68632,36.42782,36.71922,37.41482,35.64856,35.86476,34.70292,34.272,34.587,32.9799
fossil_fuels,Hungary,17.004867,16.278151,15.037395,10.975764,9.421955,10.147919,11.287652,12.133482,11.3470503,12.1649381,12.281421
fossil_fuels,Iceland,0.002004,0.002,0.003,0.004998,0.003,0.003999,0.003,0.002085,0.001875,0.002661,0.0030668
fossil_fuels,India,747.89878,804.33732,858.12318,929.619,1026.826,1098.137,1151.511,1125.556737,1208.302886,1180.970059,1137.180433
fossil_fuels,Indonesia,134.27148,151.7207,166.88572,178.12436,189.60646,196.50888,203.75534,209.25152,220.26174,231.07268,224.5754
fossil_fuels,Iran,209.8644,213.78232,225.36688,228.33446,240.5178,247.58942,249.8285,267.88872,268.76386,280.80714,269.8176
fossil_fuels,Iraq,41.49254,47.47564,39.12844,50.4451,60.94678,62.17348,72.05946,80.07766,75.79314,88.30454,83.8419437
fossil_fuels,Ireland,23.555447,20.961037,21.038726,19.172589,18.672379,19.501823,21.919874,21.041883,19.9559394,18.2712922,17.7947102
fossil_fuels,Israel,54.88566,55.74012,58.76786,57.10594,56.29848,59.23128,61.39892,61.79654,62.95932,64.6673,64.20012
fossil_fuels,Italy,211.220061,207.349917,194.704859,166.439507,148.678598,163.850585,171.453657,181.188832,165.4805192,168.0210014,154.6275989
fossil_fuels,Japan,697.893543,784.443223,928.37541,905.511764,899.650104,856.050919,839.138254,813.821528,789.9755981,741.8437459,724.9216559
fossil_fuels,Jordan,13.82176,13.70614,15.53444,16.16706,17.10988,17.69926,17.67482,18.17396,17.09484,16.4594,15.768
fossil_fuels,Kazakhstan,70.14656,73.98082,80.06638,89.62806,81.71984,77.26706,77.69852,85.9959,90.58122,90.92338,86.32843687
fossil_fuels,Kuwait,53.65708,54.03966,57.45186,57.31932,61.22502,64.18226,65.83008,68.35868,69.5788,70.44736,66.88720184
fossil_fuels,Kyrgyzstan,0.93248,0.95786,0.92966,0.85916,1.19756,1.8142,1.66192,1.23234,1.13458,1.13458,1.374
fossil_fuels,Lebanon,13.98532,14.57094,14.53616,16.4876,16.69252,17.05442,17.84402,19.52286,19.56516,19.24462,18.27206559
fossil_fuels,Libya,30.59888,24.43342,32.21192,35.6307,35.45962,35.25282,29.52728,31.27756,32.11322,31.68834,30.08692439
fossil_fuels,Malaysia,110.26576,113.35554,116.98394,118.88368,125.16382,127.0645,127.43674,128.55346,131.989,133.752,126.9926513
fossil_fuels,Mexico,213.628051,226.059941,234.334436,236.81912,228.628657,240.020011,245.265098,248.028792,265.0131597,252.5988576,249.858747
fossil_fuels,Morocco,18.3723,20.96952,23.47744,21.23836,22.6775,23.60152,24.22944,25.2625,26.08312,30.46916,28.92935739
fossil_fuels,Mozambique,0.01786,0.0188,0.01974,0.32806,1.4946,2.53988,2.95724,2.7542,2.9328,3.6801,3.49412088
fossil_fuels,Netherlands,99.990568,93.071798,83.103776,82.743242,83.289013,88.426056,91.314187,91.314535,87.968678,90.7339033,82.4153048
fossil_fuels,New Zealand,11.13020537,9.831401227,11.5561844,10.3082358,8.376638426,8.111574346,6.320363436,7.665684079,6.779203098,7.539387021,8.110432123
fossil_fuels,Nigeria,18.56218,19.88194,21.66418,22.14358,25.2719,25.09518,23.88352,25.06886,24.11758,23.15502,21.98484793
fossil_fuels,North Korea,7.76816,5.66444,5.39184,4.16608,4.61446,3.51278,3.87844,2.82094,2.45904,2.40922,2.287466619
fossil_fuels,Norway,4.72914,4.30508,2.948999,2.842004,2.997,2.991,2.968001,2.931001,2.9583007,2.6930583,2.138668
fossil_fuels,Oman,18.62986,20.56156,23.51598,24.6656,27.38032,30.79252,32.17432,33.95844,35.45116,36.03302,34.21203977
fossil_fuels,Pakistan,55.60382,57.62952,58.0121,62.71304,63.83352,66.28034,76.71622,73.98176,66.57832,70.69552,64.662
fossil_fuels,Paraguay,9.40E-04,9.40E-04,0.00282,0.00282,0.00564,9.40E-04,9.40E-04,0.00188,0.00188,0.00188,0.00192
fossil_fuels,Peru,14.26356,15.9424,16.81284,18.83666,20.4732,21.43952,24.07434,20.5155,20.26828,21.27408,20.19896392
fossil_fuels,Philippines,46.9248,46.37114,49.03134,52.04122,54.00488,57.763,64.68892,66.91014,71.8536,78.95624,75.629
fossil_fuels,Poland,132.53502,135.993075,131.268204,133.237975,125.728515,128.378084,129.741614,131.228752,134.0699964,124.3702605,116.5150676
fossil_fuels,Portugal,24.427652,26.752082,25.129626,20.168074,19.515074,25.76776,25.754342,33.784519,27.9046274,23.6342803,20.9524256
fossil_fuels,Puerto Rico,20.735,19.866,21.08,20.204,20.07,20.027,20.574,16.322,16.751,16.8,16.688
fossil_fuels,Qatar,26.45536,28.8862,32.69978,32.58792,36.37048,39.00906,39.76858,42.8217,45.03822,46.88062,44.51144078
fossil_fuels,Romania,26.97424,31.90078,30.43908,25.16286,24.81412,24.245553,22.843489,24.466551,23.3941894,20.0745332,16.7553033
fossil_fuels,Russia,654.1789,668.25728,679.02404,658.52264,660.3453,656.49694,661.94706,658.19082,670.69564,668.43118,609.96506
fossil_fuels,Saudi Arabia,225.66298,235.07238,271.36672,283.99186,316.23104,337.36506,345.46316,355.45442,363.51586,361.9987,343.7045776
fossil_fuels,Serbia,24.00008,27.59558,25.26626,27.26282,21.06728,24.910153,25.130206,24.499094,23.2210341,23.4240657,24.4386313
fossil_fuels,Singapore,41.53108,42.11576,42.9345,43.80118,45.05326,45.93216,47.08366,47.71816,48.38744,49.46938,48.54912
fossil_fuels,Slovakia,6.393486,6.960177,6.383068,6.337002,4.626527,4.657917,4.568423,4.939711,5.1724716,5.5885832,5.5548627
fossil_fuels,Slovenia,5.186686,5.160659,5.034788,4.775269,3.654541,4.266373,4.869863,4.793445,4.6199483,4.5345996,4.4686304
fossil_fuels,South Africa,227.61348,229.09774,226.88404,223.32426,218.39208,214.96014,213.0651,212.79438,214.29556,208.41774,197.57296
fossil_fuels,South Korea,329.272985,344.347222,359.718346,375.53136,366.350301,356.542436,365.458397,380.343145,411.2899266,387.5087252,364.2636725
fossil_fuels,Spain,132.538893,140.033999,139.188487,107.530861,101.592559,117.016543,102.791787,121.086539,106.8393206,107.2766033,84.2270325
fossil_fuels,Sri Lanka,4.76016,6.48224,7.91574,4.53456,7.12144,6.38448,9.04562,10.16234,7.97872,10.23942,9.721956257
fossil_fuels,Sweden,6.985558,4.244059,2.843948,2.65507,1.747633,1.869992,1.999651,1.727365,2.0145413,1.6250239,0.7047315
fossil_fuels,Switzerland,1.040373,0.961675,0.91531,0.759038,0.510361,0.631902,0.847648,0.721235,0.612653,0.604944,0.6072445
fossil_fuels,Syria,41.19174,36.26238,29.93054,20.81066,17.75002,16.51486,16.23662,16.59852,16.3654,15.82208,15.02248854
fossil_fuels,Taiwan,193.7294243,198.1613638,196.3526966,196.6591461,204.5314117,208.1597785,216.4225213,232.1117802,231.8433892,223.4025645,230.2213012
fossil_fuels,Tajikistan,0.0329,0.03572,0.06956,0.04136,0.1504,0.15228,0.564,0.92214,1.26712,1.41658,1.62
fossil_fuels,Thailand,141.53862,134.83078,143.67712,146.9314,148.3884,152.82708,152.515,146.70204,142.87154,147.51796,147.15888
fossil_fuels,Tunisia,14.76458,15.17348,16.48478,16.6427,17.2725,17.76976,17.86188,18.57252,18.8799,19.72684,18.72991591
fossil_fuels,Turkey,160.672074,163.766354,160.954967,187.814852,167.698388,172.627455,197.926583,193.9899094,158.7125422,166.1924564,200.7281454
fossil_fuels,Turkmenistan,15.6604,16.1868,16.685,17.7378,19.176,21.18196,21.18196,21.18196,21.182,21.182,20.11153732
fossil_fuels,Ukraine,81.1079,87.89,91.17248,89.66284,78.41386,62.8954,68.29946,54.47206,57.11816,54.30944,51.26102
fossil_fuels,United Arab Emirates,88.312,93.18878,99.831,103.33,109.263,119.451,121.53,125.788,126.61048,125.852,119.4918891
fossil_fuels,United Kingdom,280.628739,251.292538,238.399882,221.048062,197.415697,177.604429,174.101684,158.575942,147.6684386,138.9076502,118.0243245
fossil_fuels,United States,2883.361313,2788.86738,2775.024247,2745.967657,2750.572956,2727.245754,2654.467826,2536.136679,2657.308388,2581.702822,2426.719259
fossil_fuels,Uruguay,1.27934,2.71848,3.81076,1.74276,0.64484,0.8836,0.41642,0.21338,0.34216,0.27166,0.2579312731
fossil_fuels,Uzbekistan,41.15602,44.27494,43.5643,45.97822,46.70672,47.55178,48.74558,49.7166,53.58,53.64486,50.93384023
fossil_fuels,Venezuela,34.7659,32.23354,37.2663,37.2381,36.61206,44.95268,42.24736,40.60142,39.0194,33.30702,31.62380208
fossil_fuels,Vietnam,63.21312,59.2247,60.77382,64.36932,73.6772,99.55446,108.00412,101.71834,124.30184,153.71444,145.9462608
fossil_fuels,Zambia,0.01222,0.0141,0.01692,0.01786,0.3854,0.37976,0.6298,1.86778,2.34624,2.13286,2.08398
renewable,World,4192.406395,4406.865487,4715.983468,5053.489905,5291.434117,5520.19319,5906.037357,6278.12849,6683.794483,7008.542438,7406.292825
renewable,Algeria,0.1721,0.4971,0.6161,0.3271,0.2521,0.221,0.33182,0.63544,0.78183,0.837,0.775
renewable,Argentina,34.20957,32.25653,30.91398,34.84859,33.95541,33.736902,31.175839,33.471703,34.8321988,34.7236309,36.9763636
renewable,Australia,21.609905,26.976745,26.73684,34.288501,36.270667,33.408205,38.653857,40.88069,42.9523599,53.6605932,64.1678894
renewable,Austria,43.582567,39.638764,49.903163,49.062723,48.510736,46.064819,49.469614,49.563409,48.5089712,54.7633948,56.3767453
renewable,Azerbaijan,3.413,2.649,1.803,1.61,1.466,1.813,2.171,1.958,2.034,1.89435,1.41
renewable,Bahrain,0.002,0.0025,0.0018,0.0018,0.00925,0.00925,0.00925,0.00925,0.00925,0.00925,0.00925
renewable,Bangladesh,0.836591,0.979676,0.817169,1.080454,0.795751,0.812682,1.251877,1.307877,1.375017,1.198877,1.038877
renewable,Belarus,0.139,0.148,0.202,0.297,0.287,0.326,0.42,0.782,0.80276,1.03952,1.193
renewable,Belgium,7.833,9.441001,11.696998,12.775998,13.468001,15.709801,15.583199,17.1131,18.3429,20.6203,24.4967003
renewable,Bosnia and Herzegovina,7.946,4.344,4.174,7.165,5.877,5.496,5.61065,3.7801,6.48562,6.31219,4.898
renewable,Brazil,432.929,459.191,451.891,434.428,428.62,426.047452,460.23092,461.038227,488.8695621,497.5955788,510.97885
renewable,Bulgaria,5.71268,3.86028,5.24322,6.83964,7.33698,8.705449,7.005198,6.10255,8.248428,6.465955,6.4753846
renewable,Canada,365.951002,391.922999,398.381999,417.135999,411.971999,417.200002,425.975998,436.893001,429.1920002,423.4190003,431.099947
renewable,Chile,24.220002,25.948002,25.258999,26.000001,30.062,32.368001,33.800996,34.373207,37.5068928,37.772804,39.4926373
renewable,China,783.577,792.498,997.593,1106.616,1287.315,1397.754805,1530.371961,1674.960906,1833.40025,2011.212323,2182.078382
renewable,Colombia,41.044,49.438,48.169,50.871,48.674521,49.385485,49.978764,62.076484,60.6730704,54.7424836,49.374911
renewable,Croatia,9.207,5.239,5.214,9.188,9.847,7.442001,8.291,7.058099,9.6978904,8.3686798,8.5347999
renewable,Cuba,0.5646,0.572,0.683,0.832,0.777,0.801,0.809,0.785,0.757,0.906,0.831
renewable,Czech Republic,5.910001,7.285001,8.083,9.319,9.214,9.454001,9.417409,9.660655,9.4434071,10.0870721,10.4083129
renewable,Denmark,13.175998,14.95894,15.566861,16.681541,18.708519,19.689384,19.090781,22.520357,21.4647901,23.8723191,24.0399808
renewable,Dominican Republic,1.5105,1.62,1.959,2.213,1.657,1.33,1.976,2.856,2.698,2.065,1.132
renewable,Ecuador,8.78904,11.30304,12.414,11.286,11.838,13.508,16.288,20.45612,21.01722,24.99735,25.376
renewable,Egypt,14.934,14.868,14.661,15.08,15.693,15.954,15.733,15.777384,17.617864,17.55,17.89
renewable,Estonia,1.044102,1.1792,1.4773,1.281,1.465001,1.636,1.652677,1.94249,2.0848025,2.2064999,2.5422687
renewable,Finland,24.229738,24.238302,28.603748,25.803452,26.491754,30.725523,30.672236,31.777182,32.489668,32.2154782,35.92715
renewable,France,79.592001,68.171484,87.419249,101.330542,96.048136,94.111753,101.187682,95.146693,115.9711464,116.1261814,127.3182018
renewable,Germany,112.577,131.214998,149.983001,159.304001,170.534002,195.771001,197.040001,223.158004,231.0270003,245.3919996,254.1450002
renewable,Greece,10.622005,8.243312,9.321999,14.424999,12.265,14.646002,15.100713,13.800464,15.7259113,16.3346568,18.0794332
renewable,Hong Kong,0.041,0.047,0.045,0.04,0.047,0.076,0.095,0.096,0.098,0.125,0.126
renewable,Hungary,3.156849,2.821444,2.731908,2.890621,3.291999,3.40203,3.520008,3.735998,4.0919997,4.9989997,5.8669999
renewable,Iceland,16.743999,16.848998,17.292999,17.995,17.8,18.554002,18.168608,18.84421,19.4306229,19.117132,18.7756272
renewable,India,148.118,173.238,165.905,194.258,197.978,205.8283135,224.3864376,253.2486968,277.5010732,313.1920344,327.2039483
renewable,Indonesia,26.738,21.888,22.364,26.358,26.016,24.795,30.972,32.074,49.23264,49.06639,48.368
renewable,Iran,9.604,12.176,12.553,14.833,14.128,14.185,16.535,15.331,16.48735,31.08325,28.712
renewable,Iraq,4.71834,3.363,4.348,4.755,2.959,2.578,3.394,2.21124,1.85682,2.51,1.857
renewable,Ireland,3.722134,5.414858,5.299123,5.686213,6.45452,7.930158,7.579203,9.033838,10.4934231,12.083735,13.7399198
renewable,Israel,0.17,0.301,0.484,0.562,0.957,1.315,1.7964,1.8234,2.0112,3.2992,4.41
renewable,Italy,78.837002,85.069767,94.182252,113.747261,122.299551,110.620633,109.901677,105.753621,116.0856248,96.9688238,119.1298619
renewable,Japan,105.915759,109.159026,103.103023,113.837471,129.049232,145.517359,150.962338,167.430587,173.1094806,184.2285281,178.7932584
renewable,Jordan,0.072,0.065,0.069,0.061,0.063,0.179,0.858,1.398,2.18677,3.015,3.109
renewable,Kazakhstan,7.943,7.805,7.564,7.661,8.291,9.429,11.9195,11.6,11.13705,11.38358,11.509
renewable,Kuwait,0,0,0,0.0062,0.009,0.011,0.015,0.038,0.058,0.056,0.055
renewable,Kyrgyzstan,10.997,13.998,14.037,12.996,13.165,10.989,11.379,14.061,14.17482,13.70556,14.8
renewable,Lebanon,0.832,0.798,0.999,1.263,0.204,0.497,0.421,0.47285,0.44652,0.79,1.105
renewable,Libya,0.006,0.006,0.007,0.008,0.008,0.008,0.008,0.008,0.008,0.008,0.008
renewable,Malaysia,7.427,8.631,9.839,12.97,14.333,16.393,21.223,27.618,27.957,29.084,18.2
renewable,Mexico,45.12772,44.52588,42.004093,39.08038,52.252738,46.669945,47.498993,50.542131,53.6799145,54.5979996,64.7805854
renewable,Morocco,4.0921,2.6781,2.348,4.118,3.550414,4.391414,4.25491,4.222263,5.687323,6.744723,6.535263
renewable,Mozambique,16.535,16.71,15.0541,14.4544,16.077,17.14,15.576,14.04,13.90179,14.307,14.31
renewable,Netherlands,12.760008,14.054642,14.235863,13.804456,13.274698,15.319093,16.485344,19.12415,20.906223,24.5785641,33.7773853
renewable,New Zealand,32.50029653,33.48807954,31.63155219,32.09765698,34.32596621,35.27379628,36.65365685,35.69531636,36.69467574,36.32928291,35.13380406
renewable,Nigeria,6.327,5.841,5.64,5.316,5.34,5.71279,8.12449,7.72553,6.44988,6.16946,6.16946
renewable,North Korea,13.2674,13.0714,13.3694,13.7664,12.8774,9.9114,12.6854,11.7961,12.6881,13.6671,12.2171
renewable,Norway,117.597998,121.502002,143.177,130.031999,137.527,139.649,144.784999,144.958002,142.4551981,129.640709,152.0547862
renewable,Oman,0,0,0,0.001,0.001,0.004,0.004,0.004,0.004,0.004,0.004
renewable,Pakistan,31.516,28.277,29.624,32.095735,33.188952,35.996668,34.752702,31.624,42.0782,40.634,42.78
renewable,Paraguay,53.524,57.049,59.63,59.774,54.723,55.186,63.132,59.087,58.61889,48.93471,49.34
renewable,Peru,20.51605,22.04705,21.869,23.247,23.724,25.206,25.776,30.6,33.08578,34.19529,32.216
renewable,Philippines,17.744,19.748,20.657,19.803,19.721,20.872,21.898,23.092,23.232,21.96475,21.831
renewable,Poland,11.08377,13.257385,11.966219,15.070717,16.816199,20.661184,22.500473,23.812911,21.3026347,25.126435,28.276422
renewable,Portugal,28.380907,24.236539,19.476421,29.548742,31.559709,24.47879,32.364702,22.591018,29.4619984,27.3978569,30.2438732
renewable,Puerto Rico,0.1608,0.1518,0.123,0.16,0.177,0.243061,0.313866,0.362,0.712629,0.90314,0.90971
renewable,Qatar,0,0.001,0.001,0.003751,0.006506,0.006506,0.008364,0.008364,0.008364,0.008364,0.008364
renewable,Romania,20.103,16.169,14.805,19.999,26.94,25.964001,26.726,24.060928,25.952892,24.5655859,24.4331679
renewable,Russia,168.101,167.49,167.754,182.714,177.237,169.93,186.144,186.84,193.06658,197.15424,201.558
renewable,Saudi Arabia,0,0,0.024,0.039,0.042,0.129,0.129,0.1598,0.1598,0.4378,0.5048
renewable,Serbia,11.772,8.58,9.2,10.125,10.925,10.018001,10.759999,9.201596,10.8030682,10.5129331,10.2063869
renewable,Singapore,1.179,1.213,1.263,1.374,1.453,1.556,1.588,1.629,1.668,1.844,1.767
renewable,Slovakia,5.933,4.536004,5.152001,5.926999,5.925001,6.000999,6.723999,6.708999,5.8549999,6.62283,6.789
renewable,Slovenia,4.687859,3.831997,4.275809,5.050287,6.537031,4.305263,5.002249,4.397394,5.1744231,4.9978298,5.5894282
renewable,South Africa,2.48,2.437,1.611,1.52682,3.33587,5.6199,7.25519,9.399,11.224,11.052,10.675031
renewable,South Korea,6.523997,8.251995,7.931995,9.795003,10.002003,12.075999,17.522138,20.906136,25.6757117,30.4993402,38.101467
renewable,Spain,96.558999,86.566,85.774002,110.232999,109.099999,95.661,102.957,86.563998,102.5519999,99.56925,112.3059998
renewable,Sri Lanka,5.681,4.714,3.444,7.13,4.839,6.33,4.619,4.554,6.86599,5.089,5.478
renewable,Sweden,83.1716,85.022999,98.867003,83.330001,86.330001,103.121001,90.345001,96.246998,92.302,99.6978302,110.8983997
renewable,Switzerland,35.816996,32.673996,38.911997,39.083998,39.070005,39.425004,36.418996,36.401486,37.2447809,40.6125598,43.7997561
renewable,Syria,2.599,3.283,3.238,3.003,2.35,0.442,0.953,0.779,0.77946,1.283,0.783
renewable,Taiwan,8.639758617,8.987064028,10.66209662,10.85523132,9.922376051,10.47605468,12.73011976,12.36543328,12.65273343,15.25458846,15.15769921
renewable,Tajikistan,16.236,16.038,16.731,16.9,15.84,16.83,16.466,16.962,18.21006,18.97731,17
renewable,Thailand,8.895,12.473,13.706,13.781,14.344,13.86848,25.20373,25.68806,30.00435,33.67266,29.54
renewable,Tunisia,0.19,0.165,0.31,0.431,0.596,0.581,0.628,0.599,0.64383,0.81034,0.81
renewable,Turkey,55.355003,56.928999,63.994999,68.099001,51.725003,82.319999,89.462104,86.50834,96.7445892,130.743624,124.0852589
renewable,Turkmenistan,0.003,0.003,0.003,0.003,0.003,0.003,0.003,0.003,0.003,3.00E-04,0
renewable,Ukraine,13.26,11.091,11.126,14.973,10.082,7.049,9.175,10.788,12.91172,11.8683,11.5148
renewable,United Arab Emirates,0.02,0.034,0.035,0.1011,0.309,0.304,0.316,0.741,1.31,3.557,3.787
renewable,United Kingdom,27.589379,37.039749,43.35465,55.193468,67.012799,87.60999,87.84904022,103.08026,114.2731288,124.208547,140.2410272
renewable,United States,442.7696768,531.5232677,514.8566906,543.8421918,563.2732744,572.4080635,642.0117074,723.6690756,749.3282931,776.961321,837.3809303
renewable,Uruguay,9.749,7.656,6.799,9.728,12.213,12.704,13.362,14.05,14.191,15.531,12.637
renewable,Uzbekistan,8.11,5.646,6.586,5.648996,6.016046,7.000176,7.258643,8.34929,5.844857,6.506827,6.906827
renewable,Venezuela,76.014,82.835,81.245,82.802,63.738,74.245,62.424,59.99693,57.6625,72.097,72.098
renewable,Vietnam,27.386,40.663,52.416,51.585,59.395,56.803,67.15,90.62818,86.31475,60.362,60.402
renewable,Zambia,10.397084,11.433432,12.294,13.214104,13.973104,12.980104,10.991163,12.444253,13.634764,13.866305,13.898305